INSERT INTO TBL_USER (USERID, PASSWORD, NAME, BIRTH, NICKNAME, PROFILE_IMG, ADDRESS, PHONE, EMAIL, GENDER, STATUS, CDATETIME, UDATETIME)
VALUES ('user01', 'pass01', '김철수', '19900101', '철수짱', 'img1.jpg', '서울시 강남구', '010-1234-5678', 'user01@email.com', 'M', 'C', SYSDATE, SYSDATE);

INSERT INTO TBL_USER (USERID, PASSWORD, NAME, BIRTH, NICKNAME, PROFILE_IMG, ADDRESS, PHONE, EMAIL, GENDER, STATUS, CDATETIME, UDATETIME)
VALUES ('user02', 'pass02', '이영희', '19920315', '영희는귀여워', 'img2.jpg', '부산시 해운대', '010-2345-6789', 'user02@email.com', 'F', 'C', SYSDATE, SYSDATE);

INSERT INTO TBL_USER (USERID, PASSWORD, NAME, BIRTH, NICKNAME, PROFILE_IMG, ADDRESS, PHONE, EMAIL, GENDER, STATUS, CDATETIME, UDATETIME)
VALUES ('admin01', 'adminpass', '관리자', '19800101', '최고관리자', 'admin.jpg', '서울시 중구', '010-0000-0000', 'admin@email.com', 'M', 'A', SYSDATE, SYSDATE);

INSERT INTO TBL_USER (USERID, PASSWORD, NAME, BIRTH, NICKNAME, PROFILE_IMG, ADDRESS, PHONE, EMAIL, GENDER, STATUS, CDATETIME, UDATETIME)
VALUES ('seller01', 'sellpass', '박상점', '19851225', '파는남자', 'seller.jpg', '대구시 달서구', '010-3456-7890', 'seller01@email.com', 'M', 'S', SYSDATE, SYSDATE);

INSERT INTO TBL_USER (USERID, PASSWORD, NAME, BIRTH, NICKNAME, PROFILE_IMG, ADDRESS, PHONE, EMAIL, GENDER, STATUS, CDATETIME, UDATETIME)
VALUES ('user03', 'pass03', '최지우', '19951130', '지우공주', 'img3.jpg', '인천시 연수구', '010-4567-8901', 'user03@email.com', 'F', 'C', SYSDATE, SYSDATE);



INSERT INTO TBL_BOARD (BOARDNO, TITLE, CONTENTS, USERID, CNT, FAVORITE, KIND, CDATETIME, UDATETIME)
VALUES (B_SEQ.NEXTVAL, '공지사항입니다', '8월 업데이트 내역을 안내드립니다.', 'admin01', 120, 10, 1, SYSDATE, SYSDATE);

INSERT INTO TBL_BOARD (BOARDNO, TITLE, CONTENTS, USERID, CNT, FAVORITE, KIND, CDATETIME, UDATETIME)
VALUES (B_SEQ.NEXTVAL, '자유게시판 이용법', '자유롭게 글을 작성해주세요.', 'admin01', 80, 6, 2, SYSDATE, SYSDATE);

INSERT INTO TBL_BOARD (BOARDNO, TITLE, CONTENTS, USERID, CNT, FAVORITE, KIND, CDATETIME, UDATETIME)
VALUES (B_SEQ.NEXTVAL, '오늘 점심 뭐 드셨나요?', '저는 김치찌개 먹었어요~', 'user01', 34, 3, 2, SYSDATE, SYSDATE);

INSERT INTO TBL_BOARD (BOARDNO, TITLE, CONTENTS, USERID, CNT, FAVORITE, KIND, CDATETIME, UDATETIME)
VALUES (B_SEQ.NEXTVAL, '고객센터에 문의드립니다', '배송이 아직 도착하지 않았습니다.', 'user02', 50, 2, 3, SYSDATE, SYSDATE);

INSERT INTO TBL_BOARD (BOARDNO, TITLE, CONTENTS, USERID, CNT, FAVORITE, KIND, CDATETIME, UDATETIME)
VALUES (B_SEQ.NEXTVAL, '이벤트 참여합니다!', '재밌는 이벤트 감사합니다!', 'user03', 90, 5, 2, SYSDATE, SYSDATE);

INSERT INTO TBL_BOARD (BOARDNO, TITLE, CONTENTS, USERID, CNT, FAVORITE, KIND, CDATETIME, UDATETIME)
VALUES (B_SEQ.NEXTVAL, '비오는 날엔', '막걸리와 파전이 최고죠.', 'user01', 12, 1, 2, SYSDATE, SYSDATE);

INSERT INTO TBL_BOARD (BOARDNO, TITLE, CONTENTS, USERID, CNT, FAVORITE, KIND, CDATETIME, UDATETIME)
VALUES (B_SEQ.NEXTVAL, '상품 관련 문의', '해당 상품의 재입고 일정이 궁금합니다.', 'user02', 40, 3, 3, SYSDATE, SYSDATE);

INSERT INTO TBL_BOARD (BOARDNO, TITLE, CONTENTS, USERID, CNT, FAVORITE, KIND, CDATETIME, UDATETIME)
VALUES (B_SEQ.NEXTVAL, '이 앱 너무 좋아요', 'UI도 깔끔하고 기능도 좋아요!', 'user03', 200, 20, 2, SYSDATE, SYSDATE);

INSERT INTO TBL_BOARD (BOARDNO, TITLE, CONTENTS, USERID, CNT, FAVORITE, KIND, CDATETIME, UDATETIME)
VALUES (B_SEQ.NEXTVAL, '관리자님 감사합니다', '빠른 피드백 정말 감사해요.', 'user01', 77, 9, 3, SYSDATE, SYSDATE);

INSERT INTO TBL_BOARD (BOARDNO, TITLE, CONTENTS, USERID, CNT, FAVORITE, KIND, CDATETIME, UDATETIME)
VALUES (B_SEQ.NEXTVAL, '자유롭게 글쓰기', '오늘도 좋은 하루 되세요~', 'user02', 31, 4, 2, SYSDATE, SYSDATE);




-- 1~10: 일반 댓글
INSERT INTO TBL_COMMENT (COMMENTNO, BOARDNO, CONTENTS, USERID, FAVORITE, P_COMMENTNO, CDATETIME, UDATETIME)
VALUES (COMMENT_SEQ.NEXTVAL, 3, '김치찌개에 두부 많이 넣는 거 좋아요!', 'user02', 2, NULL, SYSDATE, SYSDATE);

INSERT INTO TBL_COMMENT (COMMENTNO, BOARDNO, CONTENTS, USERID, FAVORITE, P_COMMENTNO, CDATETIME, UDATETIME)
VALUES (COMMENT_SEQ.NEXTVAL, 4, '배송은 보통 2~3일 걸립니다.', 'admin01', 1, NULL, SYSDATE, SYSDATE);

INSERT INTO TBL_COMMENT (COMMENTNO, BOARDNO, CONTENTS, USERID, FAVORITE, P_COMMENTNO, CDATETIME, UDATETIME)
VALUES (COMMENT_SEQ.NEXTVAL, 5, '이벤트 너무 재밌어요~!', 'user03', 3, NULL, SYSDATE, SYSDATE);

INSERT INTO TBL_COMMENT (COMMENTNO, BOARDNO, CONTENTS, USERID, FAVORITE, P_COMMENTNO, CDATETIME, UDATETIME)
VALUES (COMMENT_SEQ.NEXTVAL, 6, '비오는 날엔 전이 최고죠!', 'user01', 2, NULL, SYSDATE, SYSDATE);

INSERT INTO TBL_COMMENT (COMMENTNO, BOARDNO, CONTENTS, USERID, FAVORITE, P_COMMENTNO, CDATETIME, UDATETIME)
VALUES (COMMENT_SEQ.NEXTVAL, 7, '재입고 일정은 내일 공지 예정입니다.', 'seller01', 1, NULL, SYSDATE, SYSDATE);

INSERT INTO TBL_COMMENT (COMMENTNO, BOARDNO, CONTENTS, USERID, FAVORITE, P_COMMENTNO, CDATETIME, UDATETIME)
VALUES (COMMENT_SEQ.NEXTVAL, 8, '디자인이 깔끔해서 좋아요!', 'user02', 4, NULL, SYSDATE, SYSDATE);

INSERT INTO TBL_COMMENT (COMMENTNO, BOARDNO, CONTENTS, USERID, FAVORITE, P_COMMENTNO, CDATETIME, UDATETIME)
VALUES (COMMENT_SEQ.NEXTVAL, 9, '정말 친절하셔서 감동했어요.', 'user03', 5, NULL, SYSDATE, SYSDATE);

INSERT INTO TBL_COMMENT (COMMENTNO, BOARDNO, CONTENTS, USERID, FAVORITE, P_COMMENTNO, CDATETIME, UDATETIME)
VALUES (COMMENT_SEQ.NEXTVAL, 10, '여기 글 보기 좋아요~', 'user01', 0, NULL, SYSDATE, SYSDATE);

INSERT INTO TBL_COMMENT (COMMENTNO, BOARDNO, CONTENTS, USERID, FAVORITE, P_COMMENTNO, CDATETIME, UDATETIME)
VALUES (COMMENT_SEQ.NEXTVAL, 3, '오늘 저녁도 김치찌개 각입니다.', 'user03', 2, NULL, SYSDATE, SYSDATE);

INSERT INTO TBL_COMMENT (COMMENTNO, BOARDNO, CONTENTS, USERID, FAVORITE, P_COMMENTNO, CDATETIME, UDATETIME)
VALUES (COMMENT_SEQ.NEXTVAL, 5, '이벤트 상품 언제 보내주시나요?', 'user01', 1, NULL, SYSDATE, SYSDATE);


-- 11~20: 대댓글 (P_COMMENTNO 참조)
INSERT INTO TBL_COMMENT (COMMENTNO, BOARDNO, CONTENTS, USERID, FAVORITE, P_COMMENTNO, CDATETIME, UDATETIME)
VALUES (COMMENT_SEQ.NEXTVAL, 3, '두부는 꼭 들어가야죠!', 'user01', 1, 1, SYSDATE, SYSDATE);

INSERT INTO TBL_COMMENT (COMMENTNO, BOARDNO, CONTENTS, USERID, FAVORITE, P_COMMENTNO, CDATETIME, UDATETIME)
VALUES (COMMENT_SEQ.NEXTVAL, 4, '감사합니다~ 기다려볼게요!', 'user02', 0, 2, SYSDATE, SYSDATE);

INSERT INTO TBL_COMMENT (COMMENTNO, BOARDNO, CONTENTS, USERID, FAVORITE, P_COMMENTNO, CDATETIME, UDATETIME)
VALUES (COMMENT_SEQ.NEXTVAL, 5, '당첨되셨나요? 축하드려요!', 'user02', 2, 3, SYSDATE, SYSDATE);

INSERT INTO TBL_COMMENT (COMMENTNO, BOARDNO, CONTENTS, USERID, FAVORITE, P_COMMENTNO, CDATETIME, UDATETIME)
VALUES (COMMENT_SEQ.NEXTVAL, 6, '막걸리 한잔 곁들이면 최고죠 ㅎㅎ', 'user03', 1, 4, SYSDATE, SYSDATE);

INSERT INTO TBL_COMMENT (COMMENTNO, BOARDNO, CONTENTS, USERID, FAVORITE, P_COMMENTNO, CDATETIME, UDATETIME)
VALUES (COMMENT_SEQ.NEXTVAL, 7, '네 감사합니다. 기다릴게요~', 'user03', 1, 5, SYSDATE, SYSDATE);

INSERT INTO TBL_COMMENT (COMMENTNO, BOARDNO, CONTENTS, USERID, FAVORITE, P_COMMENTNO, CDATETIME, UDATETIME)
VALUES (COMMENT_SEQ.NEXTVAL, 8, '저도 그렇게 생각해요!', 'user01', 2, 6, SYSDATE, SYSDATE);

INSERT INTO TBL_COMMENT (COMMENTNO, BOARDNO, CONTENTS, USERID, FAVORITE, P_COMMENTNO, CDATETIME, UDATETIME)
VALUES (COMMENT_SEQ.NEXTVAL, 9, '정말 감사한 후기네요!', 'admin01', 1, 7, SYSDATE, SYSDATE);

INSERT INTO TBL_COMMENT (COMMENTNO, BOARDNO, CONTENTS, USERID, FAVORITE, P_COMMENTNO, CDATETIME, UDATETIME)
VALUES (COMMENT_SEQ.NEXTVAL, 10, '다음 글도 기대됩니다!', 'user02', 0, 8, SYSDATE, SYSDATE);

INSERT INTO TBL_COMMENT (COMMENTNO, BOARDNO, CONTENTS, USERID, FAVORITE, P_COMMENTNO, CDATETIME, UDATETIME)
VALUES (COMMENT_SEQ.NEXTVAL, 3, '김치찌개엔 계란말이도 필수죠!', 'user02', 1, 9, SYSDATE, SYSDATE);

INSERT INTO TBL_COMMENT (COMMENTNO, BOARDNO, CONTENTS, USERID, FAVORITE, P_COMMENTNO, CDATETIME, UDATETIME)
VALUES (COMMENT_SEQ.NEXTVAL, 5, '상품은 다음 주에 배송된다고 들었어요.', 'seller01', 2, 10, SYSDATE, SYSDATE);

